time,date,text,current_date
00:01:19,1717687312.0,不是哥们，你是真的英雄啊,2024-06-06 23:21:52
00:01:24,1717693144.0,我就试过被一堆女护士围起来,2024-06-07 00:59:04
00:00:00,1717761746.0,而你我的朋友，你是真正的超人,2024-06-07 20:02:26
00:02:21,1717687400.0,咋还有个哆啦B梦,2024-06-06 23:23:20
00:03:01,1717732504.0,《粑粑》,2024-06-07 11:55:04
00:03:05,1717678627.0,而你我的朋友，你是真正的超人,2024-06-06 20:57:07
00:01:47,1717731653.0,应该是她们要确定你的皮肤情况，防止有新发的发现不了,2024-06-07 11:40:53
00:01:48,1717678535.0,对不起，但是，哈哈哈哈哈,2024-06-06 20:55:35
00:01:53,1717689690.0,夏天本来就不能盖太多，会发炎，前面骂人的干嘛,2024-06-07 00:01:30
00:01:54,1717685074.0,而你 我的朋友 你是真正的英雄！,2024-06-06 22:44:34
00:01:09,1717675040.0,原来你会好好画（,2024-06-06 19:57:20
00:02:30,1717736850.0,后悔才体现出救人那一瞬间的伟大,2024-06-07 13:07:30
00:00:18,1717675005.0,你是超人,2024-06-06 19:56:45
00:02:04,1717723966.0,我靠，终于有人和我一样了,2024-06-07 09:32:46
00:00:06,1717722675.0,《我是超人》,2024-06-07 09:11:15
00:00:54,1717695040.0,主要是防止咬到舌头,2024-06-07 01:30:40
00:02:39,1717694467.0,伯父也很棒啊，有其父必有其子,2024-06-07 01:21:07
00:02:16,1717692256.0,又心疼又好笑，唉，可怜的崽崽,2024-06-07 00:44:16
00:00:33,1717688116.0,如果是脸部朝下被拖行20米，骨头都会被磨出来,2024-06-06 23:35:16
00:00:12,1717687710.0,up你是个超人,2024-06-06 23:28:30
00:01:01,1717683953.0,即使在家很悲伤的故事，也依然用插画平复我们眼中的悲伤,2024-06-06 22:25:53
00:01:10,1717678488.0,原来超人真的有本事,2024-06-06 20:54:48
00:01:38,1717675334.0,完了，不仅身体，就连精神的创伤都这么痛苦,2024-06-06 20:02:14
00:01:46,1717854257.0,文记,2024-06-08 21:44:17
00:01:56,1717853558.0,没绷住,2024-06-08 21:32:38
00:00:14,1717852332.0,你是真正的英雄,2024-06-08 21:12:12
00:00:12,1717852147.0,加油，,2024-06-08 21:09:07
00:01:06,1717851638.0,超人,2024-06-08 21:00:38
00:00:16,1717851029.0,致敬,2024-06-08 20:50:29
00:00:10,1717850762.0,致敬,2024-06-08 20:46:02
00:01:14,1717849061.0,你是一个真正的英雄，一块儿会说话的钢板，你堪称军神,2024-06-08 20:17:41
00:00:11,1717848028.0,以存护之名,2024-06-08 20:00:28
00:01:15,1717847854.0,致敬,2024-06-08 19:57:34
00:00:12,1717847847.0,阿弥陀佛  阿弥陀佛  阿弥陀佛,2024-06-08 19:57:27
00:00:00,1717847821.0,阿弥陀佛,2024-06-08 19:57:01
00:00:02,1717847557.0,真正的英雄,2024-06-08 19:52:37
00:00:06,1717846126.0,英雄,2024-06-08 19:28:46
00:00:22,1717845498.0,而你，我的朋友，你是真正的英雄,2024-06-08 19:18:18
00:03:03,1717845081.0,哥们，你是真正的超人！,2024-06-08 19:11:21
00:00:01,1717844872.0,o,2024-06-08 19:07:52
00:01:26,1717844804.0,不是哥们，你是真的英雄啊,2024-06-08 19:06:44
00:00:42,1717844203.0,超人！！！！！！！！！,2024-06-08 18:56:43
00:01:46,1717843036.0,看好了小子，硬币之力是这样用的,2024-06-08 18:37:16
00:01:37,1717842724.0,不是这位护士长有点出*,2024-06-08 18:32:04
00:02:33,1717841840.0,拍拍,2024-06-08 18:17:20
00:02:12,1717841729.0,蚌埠住了,2024-06-08 18:15:29
00:03:09,1717841036.0,本来我还有点嫉妒你，现在我觉得你值得更好,2024-06-08 18:03:56
00:00:46,1717840810.0,超人,2024-06-08 18:00:10
00:01:10,1717840796.0,我的朋友你，是真正的英雄,2024-06-08 17:59:56
00:00:13,1717840338.0,而你，我的朋友，你才是真正的英雄,2024-06-08 17:52:18
00:00:35,1717839669.0,举二币之力支持,2024-06-08 17:41:09
00:02:42,1717838970.0,加油,2024-06-08 17:29:30
00:00:06,1717838638.0,守护他人的决意,2024-06-08 17:23:58
00:01:02,1717838253.0,兄弟，太有实力了,2024-06-08 17:17:33
00:02:54,1717837724.0,← 一直都是“形容词”谁跟你说贬义了,2024-06-08 17:08:44
00:01:09,1717837267.0,真是超人的意志，你居然还有心神尴尬，是我可能早就晕了,2024-06-08 17:01:07
00:02:40,1717837153.0,太牛啦,2024-06-08 16:59:13
00:01:07,1717837056.0,超人！,2024-06-08 16:57:36
00:00:21,1717836889.0,你是真正的英雄,2024-06-08 16:54:49
00:01:55,1717836793.0,对不起不是故意的,2024-06-08 16:53:13
00:00:29,1717836558.0,应该是气压的缘故 把你卷到车底下了 ,2024-06-08 16:49:18
00:00:06,1717836362.0,而你我的朋友，你是真正的超人,2024-06-08 16:46:02
00:00:12,1717836196.0,你才是英雄,2024-06-08 16:43:16
00:01:55,1717835500.0,如果性别转换一下，呵！,2024-06-08 16:31:40
00:00:28,1717835343.0,你是超人,2024-06-08 16:29:03
00:02:42,1717834171.0,辛苦了，加油,2024-06-08 16:09:31
00:00:02,1717833841.0,致敬,2024-06-08 16:04:01
00:02:45,1717833236.0,而你，我的朋友，你是真正的超人,2024-06-08 15:53:56
00:00:56,1717833013.0,《会说话的钢板》,2024-06-08 15:50:13
00:01:06,1717832914.0,你，我的朋友，是真正的英雄!,2024-06-08 15:48:34
00:00:17,1717832803.0,致敬,2024-06-08 15:46:43
00:00:56,1717832552.0,真成超人了,2024-06-08 15:42:32
00:02:56,1717832299.0,虎父无犬子,2024-06-08 15:38:19
00:01:16,1717832121.0,音乐软件搜英雄然后播放,2024-06-08 15:35:21
00:00:09,1717831826.0,而你，我的朋友，你是真正的英雄。,2024-06-08 15:30:26
00:02:25,1717831212.0,哆啦A梦好评,2024-06-08 15:20:12
00:00:09,1717831119.0,而你我的朋友，你是真正的英雄,2024-06-08 15:18:39
00:00:04,1717831031.0,加油,2024-06-08 15:17:11
00:01:04,1717830739.0,您是真正的英雄,2024-06-08 15:12:19
00:01:47,1717830489.0,没能忍住，对不起盒盒盒盒盒,2024-06-08 15:08:09
00:00:11,1717830046.0,而你，我的朋友，你是真正的英雄,2024-06-08 15:00:46
00:00:10,1717830020.0,致敬,2024-06-08 15:00:20
00:00:19,1717829966.0,您是位超人,2024-06-08 14:59:26
00:00:42,1717829405.0,朋友你真的是超人,2024-06-08 14:50:05
00:00:04,1717829156.0,谁问你了,2024-06-08 14:45:56
00:01:11,1717829121.0,致敬,2024-06-08 14:45:21
00:01:59,1717828852.0,我要把寸头留到老,2024-06-08 14:40:52
00:03:06,1717828259.0,希望你幸福,2024-06-08 14:30:59
00:00:22,1717828094.0,你是超人,2024-06-08 14:28:14
00:02:34,1717828091.0,您是真正的超人！！！,2024-06-08 14:28:11
00:02:24,1717827935.0,坏了真成超人了,2024-06-08 14:25:35
00:02:41,1717827870.0,洛克·李！我的青春没有后悔,2024-06-08 14:24:30
00:01:39,1717827311.0,抱歉，属实绷不住,2024-06-08 14:15:11
00:00:39,1717826978.0,“如果是勇者辛美尔的话我想他也会这么做”,2024-06-08 14:09:38
00:03:12,1717826795.0,加油,2024-06-08 14:06:35
00:01:07,1717826689.0,你是英雄,2024-06-08 14:04:49
00:02:13,1717826602.0,我也一样，头发长起来就跟刺猬一样,2024-06-08 14:03:22
00:02:07,1717826587.0,我也一早上起来头发跟刺猬,2024-06-08 14:03:07
00:00:14,1717826567.0,三連給了,2024-06-08 14:02:47
00:00:06,1717826449.0,而你，我的朋友，你才是真正的超人,2024-06-08 14:00:49
00:01:28,1717826337.0,哈哈哈哈哈哈哈但有点搞笑,2024-06-08 13:58:57
00:00:55,1717826292.0,致敬,2024-06-08 13:58:12
00:00:20,1717826251.0,致敬,2024-06-08 13:57:31
00:00:12,1717826134.0,你是个英雄,2024-06-08 13:55:34
00:02:41,1717825899.0,天哪,2024-06-08 13:51:39
00:01:53,1717825818.0,真的感觉那个护士有点,2024-06-08 13:50:18
00:00:51,1717825746.0,你是超人,2024-06-08 13:49:06
00:01:06,1717825284.0,666孩子你无敌了,2024-06-08 13:41:24
00:00:14,1717825169.0,加油！！！,2024-06-08 13:39:29
00:01:41,1717824893.0,哈哈哈,2024-06-08 13:34:53
00:00:32,1717824466.0,超人,2024-06-08 13:27:46
00:00:39,1717824335.0,致敬,2024-06-08 13:25:35
00:00:05,1717824296.0,致敬,2024-06-08 13:24:56
00:01:07,1717824210.0,你是超人,2024-06-08 13:23:30
00:00:07,1717824168.0,致敬英雄,2024-06-08 13:22:48
00:02:12,1717823965.0,全 能 兄 弟 X X,2024-06-08 13:19:25
00:01:00,1717823829.0,这下真是超人了我的哥,2024-06-08 13:17:09
00:02:06,1717823672.0,我也是，一留长发就会炸开来，而不是披在头皮上,2024-06-08 13:14:32
00:02:22,1717823501.0,我也锁骨骨折啊,2024-06-08 13:11:41
00:00:08,1717823217.0,你是英雄,2024-06-08 13:06:57
00:00:56,1717823134.0,我的朋友，你是真正的超人,2024-06-08 13:05:34
00:03:02,1717823060.0,看着看着就哭了,2024-06-08 13:04:20
00:01:03,1717822869.0,手里的币留着过年吗？！,2024-06-08 13:01:09
00:00:08,1717822804.0,加油,2024-06-08 13:00:04
00:00:07,1717822490.0,致敬,2024-06-08 12:54:50
00:02:37,1717822489.0,那个女孩那边怎么说？,2024-06-08 12:54:49
00:01:41,1717822425.0,哈哈哈哈哈哈哈,2024-06-08 12:53:45
00:01:38,1717822382.0,哦谢特,2024-06-08 12:53:02
00:00:41,1717822281.0,那一刻你真的是超人！,2024-06-08 12:51:21
00:02:30,1717822207.0,这真的不好笑,2024-06-08 12:50:07
00:01:06,1717822038.0,真男人,2024-06-08 12:47:18
00:02:08,1717822016.0,我也是,2024-06-08 12:46:56
00:00:22,1717822003.0,你是真的英雄,2024-06-08 12:46:43
00:02:05,1717821959.0,我去，和我一样，我还是自然卷,2024-06-08 12:45:59
00:01:37,1717821517.0,丸啦！,2024-06-08 12:38:37
00:02:08,1717821387.0,贝吉塔,2024-06-08 12:36:27
00:00:11,1717821307.0,好人有好报！,2024-06-08 12:35:07
00:02:55,1717820978.0,超人！,2024-06-08 12:29:38
00:01:39,1717820905.0,真空的,2024-06-08 12:28:25
00:00:12,1717820851.0,致敬！,2024-06-08 12:27:31
00:03:00,1717820385.0,真的真的超级厉害啊啊啊啊啊啊啊,2024-06-08 12:19:45
00:00:38,1717820353.0,他简直是个超人！,2024-06-08 12:19:13
00:02:38,1717820263.0,加油,2024-06-08 12:17:43
00:00:00,1717820257.0,壮烈成人，可不只是替身的名字,2024-06-08 12:17:37
00:00:30,1717820081.0,一看到拖行就想起张汉拖行交警,2024-06-08 12:14:41
00:00:38,1717820062.0,真正的超人,2024-06-08 12:14:22
00:01:50,1717819929.0,磨破了的皮肤还是不要盖东西了吧，范围还这么大,2024-06-08 12:12:09
00:01:12,1717819826.0,你好厉害,2024-06-08 12:10:26
00:00:10,1717819726.0,加油,2024-06-08 12:08:46
00:01:08,1717819465.0,致敬英雄！,2024-06-08 12:04:25
00:00:10,1717818985.0,而你，我的朋友，你才是真正的「壮烈成仁」,2024-06-08 11:56:25
00:01:12,1717818670.0,不是哥们你还有这技术,2024-06-08 11:51:10
00:01:56,1717818495.0,护士长可能是检查伤口情况和有无压疮（个人猜测）,2024-06-08 11:48:15
00:02:41,1717818434.0,加油！,2024-06-08 11:47:14
00:01:19,1717818328.0,致敬！,2024-06-08 11:45:28
00:00:17,1717818264.0,致敬,2024-06-08 11:44:24
00:00:40,1717818075.0,你是真正的超人！,2024-06-08 11:41:15
00:00:13,1717817886.0,加油,2024-06-08 11:38:06
00:02:44,1717817606.0,钢铁是这样炼成的,2024-06-08 11:33:26
00:00:04,1717817371.0,而你，我的朋友，你是真正的英雄,2024-06-08 11:29:31
00:01:48,1717817258.0,终极侮辱,2024-06-08 11:27:38
00:02:09,1717817167.0,我也一样,2024-06-08 11:26:07
00:00:12,1717817049.0,你真的是超人,2024-06-08 11:24:09
00:00:09,1717816730.0,加油,2024-06-08 11:18:50
00:00:08,1717816575.0,你就是超人,2024-06-08 11:16:15
00:01:03,1717816435.0,不用害躁，我的朋友，伤疤是勇士的勋章,2024-06-08 11:13:55
00:00:36,1717816280.0,超人！,2024-06-08 11:11:20
00:00:04,1717816046.0,而你我的朋友，你是真正的超人,2024-06-08 11:07:26
00:01:05,1717815676.0,你是真正的超人,2024-06-08 11:01:16
00:00:18,1717815588.0,直接三连,2024-06-08 10:59:48
00:02:30,1717815405.0,天呐……,2024-06-08 10:56:45
00:00:11,1717815087.0,很高兴以这种方式认识你。,2024-06-08 10:51:27
00:01:47,1717815022.0,啊？,2024-06-08 10:50:22
00:01:25,1717815003.0,而你，我的朋友，你是真正的英雄！,2024-06-08 10:50:03
00:02:17,1717814884.0,我靠，更绷不住了,2024-06-08 10:48:04
00:00:57,1717814417.0,兄弟，你是超人,2024-06-08 10:40:17
00:01:45,1717814254.0,啊？,2024-06-08 10:37:34
00:00:12,1717813662.0,致敬,2024-06-08 10:27:42
00:00:09,1717813506.0,致敬,2024-06-08 10:25:06
00:01:08,1717813238.0,英雄,2024-06-08 10:20:38
00:02:07,1717813091.0,同感,2024-06-08 10:18:11
00:00:13,1717812702.0,致敬,2024-06-08 10:11:42
00:01:09,1717812588.0,深表同感，因为我之前也摔车擦伤过，整个小臂都磨掉皮了，消毒的时候真的痛,2024-06-08 10:09:48
00:01:58,1717812355.0,问题不是护士在不在意，是up在意啊。你们重点错了吧,2024-06-08 10:05:55
00:01:25,1717812349.0,医学生特有的对人体的镇定,2024-06-08 10:05:49
00:01:22,1717812191.0,超人！,2024-06-08 10:03:11
00:00:19,1717812142.0,致敬,2024-06-08 10:02:22
00:02:28,1717811696.0,作者好可怜,2024-06-08 09:54:56
00:00:04,1717811660.0,而你，我的朋友，你才是真正的英雄,2024-06-08 09:54:20
00:00:19,1717811631.0,超人,2024-06-08 09:53:51
00:00:16,1717811621.0,牛逼,2024-06-08 09:53:41
00:02:51,1717811606.0,走一步，再走一步,2024-06-08 09:53:26
00:02:06,1717811599.0,硬头发留长有个尴尬期，过了就好了。自然蓬松感贼好,2024-06-08 09:53:19
00:00:50,1717811208.0,而你，我的朋友，你是真正的英雄,2024-06-08 09:46:48
00:02:06,1717811174.0,我也是啊,2024-06-08 09:46:14
00:00:10,1717811081.0,而你我的朋友，你是真正的超人,2024-06-08 09:44:41
00:02:23,1717810885.0,他问我看的什么？我说喜剧，他说听音乐不像,2024-06-08 09:41:25
00:01:44,1717810878.0,电子木鱼,2024-06-08 09:41:18
00:00:06,1717810828.0,加油加油加油加油,2024-06-08 09:40:28
00:02:11,1717810477.0,扣1佛祖原谅你,2024-06-08 09:34:37
00:02:07,1717810466.0,和我一模一样哈哈哈,2024-06-08 09:34:26
00:03:04,1717810384.0,你是真正的英雄,2024-06-08 09:33:04
00:02:51,1717810368.0,罗斯福是吧,2024-06-08 09:32:48
00:02:36,1717810354.0,加油,2024-06-08 09:32:34
00:01:05,1717810335.0,我的朋友你，是真正的英雄,2024-06-08 09:32:15
00:00:20,1717810252.0,一个真正的man,2024-06-08 09:30:52
00:02:54,1717810231.0,加油,2024-06-08 09:30:31
00:02:04,1717810125.0,俺也一样！！,2024-06-08 09:28:45
00:01:35,1717810087.0,不回来立起来吧,2024-06-08 09:28:07
00:00:16,1717810019.0,超人！,2024-06-08 09:26:59
00:00:17,1717809969.0,空气流速快，压强小，形成压力差，所以会被吸进去,2024-06-08 09:26:09
00:00:42,1717809612.0,而你，我的朋友，你是真正的英雄,2024-06-08 09:20:12
00:01:51,1717809550.0,能理解能理解,2024-06-08 09:19:10
00:03:09,1717809515.0,你是真正的超人,2024-06-08 09:18:35
00:00:39,1717809467.0,超人！,2024-06-08 09:17:47
00:00:06,1717809418.0,我觉得还是很值得的，他的情况很危险,2024-06-08 09:16:58
00:02:52,1717809387.0,加油,2024-06-08 09:16:27
00:01:53,1717809351.0,别不好意思，记不住,2024-06-08 09:15:51
00:02:34,1717809251.0,富兰克林•德拉诺•罗斯福,2024-06-08 09:14:11
00:01:34,1717809155.0,因为你是一级护理,2024-06-08 09:12:35
00:01:38,1717809137.0,《让我看看！》,2024-06-08 09:12:17
00:00:13,1717808884.0,超人,2024-06-08 09:08:04
00:01:37,1717808502.0,这是要检查身体有没有压疮之类的，我都坦然了,2024-06-08 09:01:42
00:01:20,1717808451.0,我在ICU也是赤裸裸,2024-06-08 09:00:51
00:01:25,1717808418.0,神,2024-06-08 09:00:18
00:00:23,1717808339.0,这是真有可能有生命危险的，活雷锋！,2024-06-08 08:58:59
00:00:08,1717808026.0,朋友 你是个英雄,2024-06-08 08:53:46
00:00:17,1717807740.0,致敬！,2024-06-08 08:49:00
00:02:14,1717807592.0,哈哈哈，挺帅的,2024-06-08 08:46:32
00:01:07,1717807577.0,超人,2024-06-08 08:46:17
00:00:40,1717807513.0,而你 我的朋友 你才是真正的英雄,2024-06-08 08:45:13
00:02:17,1717807457.0,对不起（敲木鱼）,2024-06-08 08:44:17
00:02:14,1717806936.0,对不起，笑了,2024-06-08 08:35:36
00:02:23,1717806745.0,凯隐,2024-06-08 08:32:25
00:02:46,1717806634.0,你的父亲一定在暗处抹眼泪,2024-06-08 08:30:34
00:02:49,1717806134.0,加油！！！！,2024-06-08 08:22:14
00:01:17,1717805964.0,超人!,2024-06-08 08:19:24
00:00:18,1717805775.0,你是超人,2024-06-08 08:16:15
00:02:44,1717805755.0,那个用有其父必有其子，应该是贬义词,2024-06-08 08:15:55
00:01:03,1717805722.0,《军神》,2024-06-08 08:15:22
00:02:33,1717805650.0,父亲：害～一辈子教这小子两次会走路！,2024-06-08 08:14:10
00:00:17,1717805580.0,身体比想法先行,2024-06-08 08:13:00
00:02:10,1717805540.0,我也是!,2024-06-08 08:12:20
00:00:58,1717805506.0,而我的朋友，你才是真正的英雄！,2024-06-08 08:11:46
00:01:21,1717805479.0,不是哥们，你是真的英雄啊,2024-06-08 08:11:19
00:00:05,1717805295.0,加油,2024-06-08 08:08:15
00:02:21,1717805237.0,加油,2024-06-08 08:07:17
00:02:04,1717805227.0,跟我一样,2024-06-08 08:07:07
00:01:47,1717805183.0,对不起，没绷住,2024-06-08 08:06:23
00:00:56,1717805174.0,而你，我的朋友，你就是超人,2024-06-08 08:06:14
00:02:09,1717805151.0,蛙趣，我也是这样的头发,2024-06-08 08:05:51
00:02:05,1717804831.0,我也是,2024-06-08 08:00:31
00:01:12,1717804800.0,真正的英雄,2024-06-08 08:00:00
00:02:06,1717804731.0,我以为这样的人很少，原来你也这样,2024-06-08 07:58:51
00:01:04,1717804548.0,致敬,2024-06-08 07:55:48
00:00:11,1717804541.0,你就是王牌,2024-06-08 07:55:41
00:02:30,1717804464.0,看哭了,2024-06-08 07:54:24
00:01:14,1717804186.0,你就是真正的超人,2024-06-08 07:49:46
00:02:09,1717803983.0,我头发超软 烫过都起不来,2024-06-08 07:46:23
00:00:05,1717803924.0,守护他人的决意,2024-06-08 07:45:24
00:00:36,1717803765.0,简直是超人,2024-06-08 07:42:45
00:00:40,1717803715.0,你真是超人啊！,2024-06-08 07:41:55
00:00:12,1717803143.0,而你我的朋友，你才是真正的英雄,2024-06-08 07:32:23
00:00:01,1717802978.0,很高兴以这种方式认识你。,2024-06-08 07:29:38
00:00:15,1717802510.0,致敬,2024-06-08 07:21:50
00:00:52,1717802186.0,同志，你是真的英雄,2024-06-08 07:16:26
00:01:06,1717802136.0,兄弟兄弟，你是一个会说话的钢板,2024-06-08 07:15:36
00:00:58,1717802098.0,英雄,2024-06-08 07:14:58
00:02:06,1717801909.0,我的头发也一样。,2024-06-08 07:11:49
00:02:47,1717801573.0,太强了！说的风淡云轻，实际很强！,2024-06-08 07:06:13
00:01:45,1717801242.0,太出生了,2024-06-08 07:00:42
00:00:54,1717800839.0,刘大川,2024-06-08 06:53:59
00:00:14,1717800661.0,致敬,2024-06-08 06:51:01
00:00:17,1717799671.0,致敬 ,2024-06-08 06:34:31
00:01:08,1717799144.0,而我的朋友，你才是真正的英雄,2024-06-08 06:25:44
00:02:06,1717799094.0,我也是,2024-06-08 06:24:54
00:00:07,1717799049.0,超人！,2024-06-08 06:24:09
00:00:07,1717798897.0,加油,2024-06-08 06:21:37
00:02:09,1717798627.0,长了自己会压下来我的就是,2024-06-08 06:17:07
00:02:16,1717797944.0,一样,2024-06-08 06:05:44
00:02:07,1717797617.0,我一样,2024-06-08 06:00:17
00:03:04,1717797091.0,原来这是你的画呀,2024-06-08 05:51:31
00:00:17,1717793748.0,致敬,2024-06-08 04:55:48
00:02:07,1717793103.0,头发硬简直太帅了,2024-06-08 04:45:03
00:01:39,1717792090.0,哈哈哈哈，绷不住了,2024-06-08 04:28:10
00:00:00,1717791148.0,而你我的朋友，你是真正的超人,2024-06-08 04:12:28
00:02:48,1717790981.0,而你，我的朋友，你是真正的英雄,2024-06-08 04:09:41
00:03:15,1717790486.0,你好棒！,2024-06-08 04:01:26
00:00:13,1717790368.0,致敬,2024-06-08 03:59:28
00:02:22,1717789367.0,嘚嘚嘚嘚嘚～,2024-06-08 03:42:47
00:02:19,1717788863.0,加油,2024-06-08 03:34:23
00:01:57,1717788406.0,这护士长有点膈应人,2024-06-08 03:26:46
00:00:15,1717787478.0,加油,2024-06-08 03:11:18
00:02:55,1717786448.0,致敬,2024-06-08 02:54:08
00:01:09,1717786293.0,而我的朋友，你才是直正的英雄!,2024-06-08 02:51:33
00:00:22,1717786069.0,天哪！太棒了！！,2024-06-08 02:47:49
00:00:14,1717786023.0,超人！,2024-06-08 02:47:03
00:01:04,1717784714.0,不打麻藥？,2024-06-08 02:25:14
00:00:50,1717784554.0,超人！,2024-06-08 02:22:34
00:01:25,1717784511.0,前面的老哥，没必要引战,2024-06-08 02:21:51
00:00:16,1717784170.0,你真的是超人。,2024-06-08 02:16:10
00:00:56,1717783917.0,你是真正的hero,2024-06-08 02:11:57
00:02:21,1717783327.0,对不起(敲木鱼),2024-06-08 02:02:07
00:00:13,1717783126.0,超人！！！！,2024-06-08 01:58:46
00:03:09,1717782975.0,破而后立,2024-06-08 01:56:15
00:02:03,1717782849.0,这一点我跟你一样啊,2024-06-08 01:54:09
00:03:12,1717782615.0,但行好事，莫问前程,2024-06-08 01:50:15
00:00:35,1717782448.0,这下不得不关注了,2024-06-08 01:47:28
00:01:01,1717781445.0,你真的是超人！,2024-06-08 01:30:45
00:02:16,1717780603.0,对不起(敲木鱼),2024-06-08 01:16:43
00:01:06,1717780465.0,超人！,2024-06-08 01:14:25
00:00:56,1717780451.0,致敬！,2024-06-08 01:14:11
00:00:12,1717780399.0,致敬！,2024-06-08 01:13:19
00:00:34,1717780187.0,点赞加油。,2024-06-08 01:09:47
00:00:11,1717779945.0,天哪，你真的是超人,2024-06-08 01:05:45
00:00:02,1717779204.0,加油！！！！！,2024-06-08 00:53:24
00:01:14,1717779005.0,而你，我的朋友你才是真正的英雄,2024-06-08 00:50:05
00:00:18,1717778454.0,致敬,2024-06-08 00:40:54
00:00:29,1717777753.0,华夏超人,2024-06-08 00:29:13
00:02:14,1717777399.0,雨果是吧,2024-06-08 00:23:19
00:02:38,1717777269.0,我的朋友，你是真的英雄。,2024-06-08 00:21:09
00:01:46,1717777207.0,有没有一种可能，他们可以看到你的伤口…我理解你的感受，但，你其实无需在意。,2024-06-08 00:20:07
00:02:48,1717776990.0,阿西吧！你这话给我的画面要笑死了，只能一边给你磕头一边笑了,2024-06-08 00:16:30
00:00:07,1717776606.0,致敬,2024-06-08 00:10:06
00:00:16,1717776111.0,厉害,2024-06-08 00:01:51
00:03:02,1717776079.0,你一定是他的骄傲,2024-06-08 00:01:19
00:00:16,1717776014.0,致敬,2024-06-08 00:00:14
00:02:34,1717775750.0,召唤硬币之力,2024-06-07 23:55:50
00:01:08,1717775743.0,《视频同款立即购买》,2024-06-07 23:55:43
00:01:37,1717775584.0,是人？,2024-06-07 23:53:04
00:02:42,1717775294.0,“生存下去的勇气”！,2024-06-07 23:48:14
00:03:18,1717775181.0,谢谢,2024-06-07 23:46:21
00:02:06,1717775107.0,跟我一样，泪目,2024-06-07 23:45:07
00:00:22,1717774835.0,原来你真的超人,2024-06-07 23:40:35
00:01:46,1717774503.0,我是电子木鱼,2024-06-07 23:35:03
00:00:07,1717774147.0,你真的是超人!,2024-06-07 23:29:07
00:01:02,1717773763.0,三连了。,2024-06-07 23:22:43
00:01:48,1717773738.0,想太多 都見怪不怪了,2024-06-07 23:22:18
00:00:48,1717773666.0,牛逼哥们,2024-06-07 23:21:06
00:02:41,1717773575.0,是他自己画的,2024-06-07 23:19:35
00:03:17,1717773157.0,谢谢你愿意和我们一起分享,2024-06-07 23:12:37
00:00:37,1717772982.0,最好的一集,2024-06-07 23:09:42
00:01:01,1717772929.0,很荣幸以这样的方式认识你,2024-06-07 23:08:49
00:00:18,1717772782.0,看好了硬币之力是这么用的！,2024-06-07 23:06:22
00:00:00,1717772237.0,而你，我的兄弟是真正的英雄,2024-06-07 22:57:17
00:03:05,1717772118.0,有一个受苦的医生，他…是个非常好的人，请不要跨省抓我，小卡拉米一个,2024-06-07 22:55:18
00:01:13,1717771941.0,？,2024-06-07 22:52:21
00:00:11,1717771858.0,致敬,2024-06-07 22:50:58
00:02:47,1717771691.0,加油,2024-06-07 22:48:11
00:00:55,1717771515.0,咬布是为了避免咬碎牙齿,2024-06-07 22:45:15
00:01:02,1717771383.0,真男人！！！！！！！！！！,2024-06-07 22:43:03
00:02:06,1717770909.0,好家伙，终于有人和我一样了,2024-06-07 22:35:09
00:00:10,1717770784.0,加油加油加油加油,2024-06-07 22:33:04
00:01:25,1717770285.0,而你，我的朋友，你是真正的英雄,2024-06-07 22:24:45
00:01:05,1717770254.0,你是英雄,2024-06-07 22:24:14
00:02:44,1717770244.0,你真的超级棒！,2024-06-07 22:24:04
00:03:11,1717769862.0,超人，是我的朋友,2024-06-07 22:17:42
00:01:07,1717769463.0,好厲害！！！！！！！！！！！,2024-06-07 22:11:03
00:00:09,1717769065.0,致敬,2024-06-07 22:04:25
00:01:00,1717768864.0,没什么好说的，兄弟你很强，各种意义上的强。,2024-06-07 22:01:04
00:03:08,1717768656.0,厉害,2024-06-07 21:57:36
00:00:17,1717768558.0,朋友  你是真正的英雄,2024-06-07 21:55:58
00:00:10,1717768523.0,致敬,2024-06-07 21:55:23
00:01:00,1717768406.0,真男人！！！,2024-06-07 21:53:26
00:00:07,1717768249.0,问心无愧就好,2024-06-07 21:50:49
00:01:44,1717768099.0,抱歉沒繃住,2024-06-07 21:48:19
00:01:26,1717768095.0,而我的朋友，你才是真正的超人,2024-06-07 21:48:15
00:02:29,1717767988.0,你真的是超人！！,2024-06-07 21:46:28
00:00:03,1717767894.0,而你我的朋友，你是真正的超人,2024-06-07 21:44:54
00:00:08,1717767774.0,而你我的朋友，你是真正的超人,2024-06-07 21:42:54
00:02:06,1717767737.0,我靠跟我一样,2024-06-07 21:42:17
00:02:31,1717767360.0,又心疼又想笑,2024-06-07 21:36:00
00:01:46,1717767305.0,没能忍住，我不是故意的哈哈哈,2024-06-07 21:35:05
00:01:11,1717767240.0,真正的超人！,2024-06-07 21:34:00
00:01:13,1717767180.0,你是真正的英雄！,2024-06-07 21:33:00
00:01:05,1717767174.0,你是真正的英雄！,2024-06-07 21:32:54
00:01:22,1717767104.0,我学校英语试卷有一篇关于超人的阅读，做到时，真的很激动,2024-06-07 21:31:44
00:02:58,1717766886.0,英雄啊，是真的英雄,2024-06-07 21:28:06
00:02:52,1717766845.0,英雄啊，是真的英雄,2024-06-07 21:27:25
00:00:33,1717766514.0,而你！我的朋友！你是真正的超人！,2024-06-07 21:21:54
00:01:11,1717766495.0,而你我的朋友你才是真正的man,2024-06-07 21:21:35
00:00:54,1717766424.0,而你我的盆友，你是正真的超人,2024-06-07 21:20:24
00:00:03,1717766415.0,加油！,2024-06-07 21:20:15
00:02:17,1717766299.0,阴阳头吗哈哈哈,2024-06-07 21:18:19
00:00:07,1717766221.0,突然坐起来看,2024-06-07 21:17:01
00:01:46,1717765789.0,還好沒poki …應該沒有吧？對吧？,2024-06-07 21:09:49
00:01:04,1717765590.0,超人,2024-06-07 21:06:30
00:00:30,1717765340.0,你是超人！,2024-06-07 21:02:20
00:00:11,1717765308.0,致敬,2024-06-07 21:01:48
00:00:57,1717765261.0,好疼,2024-06-07 21:01:01
00:01:17,1717765250.0,所以立起来了怎么办,2024-06-07 21:00:50
00:02:39,1717765213.0,加油,2024-06-07 21:00:13
00:03:13,1717765202.0,问心无愧,2024-06-07 21:00:02
00:02:20,1717765186.0,哈哈哈哈哈哈哈哈哈哈哈哈哈哈哈哈哈哈哈哈哈哈哈哈,2024-06-07 20:59:46
00:00:42,1717765138.0,而你，我的朋友，你是真正的英雄！,2024-06-07 20:58:58
00:02:49,1717765109.0,加油我的英雄！,2024-06-07 20:58:29
00:01:08,1717764919.0,加油,2024-06-07 20:55:19
00:02:30,1717764885.0,被救援者只需要等待救援就可以，而救人者要考虑的事情可就多了,2024-06-07 20:54:45
00:01:09,1717764806.0,英雄,2024-06-07 20:53:26
00:00:10,1717764634.0,加油！加油！,2024-06-07 20:50:34
00:00:56,1717764502.0,加油,2024-06-07 20:48:22
00:02:08,1717764338.0,我也是，发质硬就一直向上长呲起来,2024-06-07 20:45:38
00:00:12,1717764149.0,厉害。,2024-06-07 20:42:29
00:02:33,1717764066.0,但行好事，莫问前程,2024-06-07 20:41:06
00:00:05,1717763962.0,但 行 好 事，莫 问 前 程,2024-06-07 20:39:22
00:00:58,1717763953.0,加油,2024-06-07 20:39:13
00:00:10,1717763870.0,壮烈成仁,2024-06-07 20:37:50
00:02:52,1717763861.0,加油，我的超人,2024-06-07 20:37:41
00:01:47,1717763828.0,卧槽，我想想都觉得刺激,2024-06-07 20:37:08
00:02:07,1717763676.0,和我一样,2024-06-07 20:34:36
00:01:36,1717763657.0,这就是男人,2024-06-07 20:34:17
00:01:20,1717763639.0,男性是世界上最伟大的性别,2024-06-07 20:33:59
00:01:01,1717763526.0,不是哥们儿，你真是超人啊,2024-06-07 20:32:06
00:00:04,1717763357.0,你真的是超人！,2024-06-07 20:29:17
00:00:47,1717763022.0,清创……,2024-06-07 20:23:42
00:00:13,1717762936.0,而你，我的朋友，你是真正的英雄！,2024-06-07 20:22:16
00:00:11,1717762822.0,而你，我的朋友，你是真正的超人,2024-06-07 20:20:22
00:02:52,1717762567.0,牛逼,2024-06-07 20:16:07
00:00:14,1717762174.0,致敬,2024-06-07 20:09:34
00:00:49,1717762073.0,超人！！,2024-06-07 20:07:53
00:02:06,1717762071.0,超级赛亚人,2024-06-07 20:07:51
00:02:48,1717761830.0,牛逼,2024-06-07 20:03:50
00:01:43,1717761804.0,哈哈哈哈,2024-06-07 20:03:24
00:02:05,1717761800.0,加油,2024-06-07 20:03:20
00:00:03,1717761722.0,而你我的朋友，你是真正的英雄,2024-06-07 20:02:02
00:02:19,1717761713.0,这里放个木鱼,2024-06-07 20:01:53
00:01:38,1717761708.0,对不起但哈哈哈,2024-06-07 20:01:48
00:03:05,1717761649.0,超人,2024-06-07 20:00:49
00:00:21,1717761632.0,你是超人,2024-06-07 20:00:32
00:01:39,1717761477.0,哈哈哈哈抱歉绷不住了,2024-06-07 19:57:57
00:02:06,1717760998.0,我还以为就我一个人，别人霸道总裁，我大几霸,2024-06-07 19:49:58
00:00:12,1717760991.0,加油,2024-06-07 19:49:51
00:00:16,1717760762.0,点赞,2024-06-07 19:46:02
00:00:59,1717760658.0,你才是超人我的朋友,2024-06-07 19:44:18
00:02:40,1717760432.0,画的好可爱呀,2024-06-07 19:40:32
00:00:14,1717760357.0,致敬！,2024-06-07 19:39:17
00:02:54,1717760327.0,加油,2024-06-07 19:38:47
00:03:11,1717760169.0,up加油,2024-06-07 19:36:09
00:02:01,1717760120.0,俺也一样,2024-06-07 19:35:20
00:01:37,1717759797.0,抱歉，我憋不住了,2024-06-07 19:29:57
00:01:37,1717759757.0,哈哈哈哈哈哈哈哈哈,2024-06-07 19:29:17
00:01:38,1717759726.0,蚌埠住了,2024-06-07 19:28:46
00:02:35,1717759613.0,加油！,2024-06-07 19:26:53
00:00:15,1717759542.0,福生无量,2024-06-07 19:25:42
00:01:04,1717759516.0,超人,2024-06-07 19:25:16
00:02:10,1717759495.0,我也是啊兄弟,2024-06-07 19:24:55
00:01:10,1717759124.0,这是尴尬吗？这明明就是英雄伟大的壮举,2024-06-07 19:18:44
00:00:02,1717759122.0,加油！,2024-06-07 19:18:42
00:00:11,1717759116.0,致敬,2024-06-07 19:18:36
00:00:05,1717758829.0,加油,2024-06-07 19:13:49
00:02:10,1717758823.0,一样,2024-06-07 19:13:43
00:02:45,1717758421.0,棒棒棒,2024-06-07 19:07:01
00:00:00,1717758088.0,哥们儿，你才是被救的那个吧？,2024-06-07 19:01:28
00:02:12,1717757979.0,哈哈哈哈哈哈哈哈哈哈哈,2024-06-07 18:59:39
00:00:08,1717757928.0,致敬！,2024-06-07 18:58:48
00:02:15,1717757760.0,哈哈,2024-06-07 18:56:00
00:02:08,1717757465.0,波波！,2024-06-07 18:51:05
00:00:01,1717757464.0,人如其名！,2024-06-07 18:51:04
00:02:47,1717757407.0,加油我的英雄！,2024-06-07 18:50:07
00:00:53,1717757324.0,关注了,2024-06-07 18:48:44
00:00:16,1717757051.0,坏了。他真是个超人！,2024-06-07 18:44:11
00:02:31,1717756997.0,加油！！！！！！,2024-06-07 18:43:17
00:02:25,1717756988.0,又心疼又想笑,2024-06-07 18:43:08
00:03:14,1717756922.0,但好人就该有好报,2024-06-07 18:42:02
00:03:15,1717756900.0,而你，我的朋友，你是真正的超人,2024-06-07 18:41:40
00:02:06,1717756851.0,我也是,2024-06-07 18:40:51
00:02:52,1717756681.0,加油,2024-06-07 18:38:01
00:00:10,1717756667.0,NB,2024-06-07 18:37:47
00:01:08,1717756561.0,你真的是超人！,2024-06-07 18:36:01
00:00:17,1717756526.0,大丈夫，当带三尺之剑，立不世之功,2024-06-07 18:35:26
00:01:08,1717756390.0,流泪了,2024-06-07 18:33:10
00:00:12,1717756388.0,这粉丝，夺少,2024-06-07 18:33:08
00:00:00,1717756202.0,直接关注了,2024-06-07 18:30:02
00:02:21,1717756155.0,又心疼又好笑,2024-06-07 18:29:15
00:00:22,1717756115.0,万幸，人还活着,2024-06-07 18:28:35
00:00:03,1717756051.0,up加油,2024-06-07 18:27:31
00:02:48,1717756032.0,加油！超人,2024-06-07 18:27:12
00:02:50,1717756011.0,泪目了,2024-06-07 18:26:51
00:02:19,1717755969.0,在民国这个叫阴阳头,2024-06-07 18:26:09
00:02:33,1717755407.0,朋友，你三连有了,2024-06-07 18:16:47
00:01:48,1717755324.0,大家快来这里加功德吧  功德+1+1+1,2024-06-07 18:15:24
00:00:56,1717755302.0,啊啊啊，看不下去了,2024-06-07 18:15:02
00:02:03,1717755235.0,我也这么想的，现在毕业一年多了还是这么短的头发，还是没能改变,2024-06-07 18:13:55
00:02:40,1717755048.0,伟大的父亲，伟大的父爱,2024-06-07 18:10:48
00:01:41,1717755030.0,哈哈哈哈哈哈哈,2024-06-07 18:10:30
00:02:21,1717754930.0,我是天选，也是唯一,2024-06-07 18:08:50
00:02:26,1717754889.0,又心疼又好笑，唉，可怜的崽崽,2024-06-07 18:08:09
00:01:08,1717754870.0,痛啊,2024-06-07 18:07:50
00:00:08,1717754750.0,真超人啊,2024-06-07 18:05:50
00:01:40,1717754452.0,哈哈哈哈哈,2024-06-07 18:00:52
00:01:08,1717754399.0,而你我的朋友，你是真正的超人,2024-06-07 17:59:59
00:00:46,1717754345.0,你是真的超人！,2024-06-07 17:59:05
00:01:16,1717754270.0,你就是超人,2024-06-07 17:57:50
00:00:22,1717754216.0,好人一生平安,2024-06-07 17:56:56
00:01:01,1717754131.0,你是真正的超人,2024-06-07 17:55:31
00:02:34,1717754067.0,别为打翻的牛奶哭泣,2024-06-07 17:54:27
00:02:15,1717753997.0,赛博木鱼,2024-06-07 17:53:17
00:00:12,1717753719.0,你真的是超人！,2024-06-07 17:48:39
00:01:22,1717753699.0,加油,2024-06-07 17:48:19
00:02:06,1717753492.0,我丢，和我一样！终于有人和我一样了,2024-06-07 17:44:52
00:03:10,1717753451.0,对不起，现在才关注你,2024-06-07 17:44:11
00:01:14,1717752870.0,《遛鸟》,2024-06-07 17:34:30
00:00:55,1717752626.0,不打麻醉我也是觉得很疯狂,2024-06-07 17:30:26
00:00:53,1717752450.0,超人,2024-06-07 17:27:30
00:02:04,1717752055.0,俺也一样,2024-06-07 17:20:55
00:03:04,1717752052.0,而你我的朋友，你是真正的超人,2024-06-07 17:20:52
00:00:27,1717752027.0,超人！,2024-06-07 17:20:27
00:01:41,1717751901.0,敲木鱼敲木鱼,2024-06-07 17:18:21
00:00:05,1717751817.0,救人一命胜造七级浮屠,2024-06-07 17:16:57
00:02:10,1717751593.0,噗！本来很难过，看到这里忍不住了！对不起！,2024-06-07 17:13:13
00:02:47,1717751261.0,爱是常觉亏欠,2024-06-07 17:07:41
00:03:08,1717751034.0,up主畫風好可愛，繼續加油,2024-06-07 17:03:54
00:02:02,1717750938.0,贝吉塔,2024-06-07 17:02:18
00:02:52,1717750906.0,希望大家都要去看他的直播，行吗？,2024-06-07 17:01:46
00:00:15,1717750800.0,你是超人,2024-06-07 17:00:00
00:01:02,1717750779.0,《真正意义的超人》,2024-06-07 16:59:39
00:02:38,1717750683.0,哥们，我佩服的人不多，你算一个,2024-06-07 16:58:03
00:02:17,1717750475.0,这么个一半是吧哈哈哈哈哈哈,2024-06-07 16:54:35
00:01:47,1717750469.0,可爱的英雄,2024-06-07 16:54:29
00:02:12,1717749971.0,啊,2024-06-07 16:46:11
00:02:34,1717749688.0,加油！超人!,2024-06-07 16:41:28
00:02:07,1717749635.0,我操，这头发简直就是我。,2024-06-07 16:40:35
00:02:40,1717749555.0,太帅啦超人,2024-06-07 16:39:15
00:03:03,1717749508.0,你是懂幽默的,2024-06-07 16:38:28
00:02:16,1717749447.0,好搞笑啊,2024-06-07 16:37:27
00:01:07,1717749364.0,画风突变,2024-06-07 16:36:04
00:03:13,1717749301.0,而你我的朋友，你是真正的超人,2024-06-07 16:35:01
00:00:19,1717749293.0,？！,2024-06-07 16:34:53
00:01:24,1717749068.0,而你，我的朋友，你是真正的英雄,2024-06-07 16:31:08
00:01:14,1717748065.0,我记得18年的时候就在别的平台见过这个ID，那个时候发的画都是特别高技术力的,2024-06-07 16:14:25
00:00:10,1717747601.0,致敬,2024-06-07 16:06:41
00:01:10,1717747343.0,？？？护士画风不对啊,2024-06-07 16:02:23
00:00:56,1717747303.0,其实主要是为了防止你咬到舌头,2024-06-07 16:01:43
00:02:55,1717747247.0,你一定是他的骄傲！,2024-06-07 16:00:47
00:01:34,1717747138.0,在她们眼中你是需要照顾的小朋友（大不大不知道,2024-06-07 15:58:58
00:02:06,1717746551.0,我也一样！！！！！,2024-06-07 15:49:11
00:00:27,1717746149.0,吃饭了，大哥,2024-06-07 15:42:29
00:00:00,1717746053.0,加油,2024-06-07 15:40:53
00:00:56,1717746024.0,真男人,2024-06-07 15:40:24
00:01:08,1717745830.0,我的朋友，你是真的超人！,2024-06-07 15:37:10
00:01:40,1717745725.0,没能忍住，我不是故意的哈哈哈,2024-06-07 15:35:25
00:01:00,1717745565.0,你才是真正的英雄,2024-06-07 15:32:45
00:02:12,1717745431.0,莫西干头,2024-06-07 15:30:31
00:01:53,1717743548.0,我也觉得很过分……笑不出来,2024-06-07 14:59:08
00:01:34,1717743279.0,让我看看！,2024-06-07 14:54:39
00:02:28,1717742434.0,真超人啊,2024-06-07 14:40:34
00:01:46,1717742380.0,哈哈哈哈,2024-06-07 14:39:40
00:02:05,1717742233.0,简直和我一样,2024-06-07 14:37:13
00:03:02,1717742078.0,女同学呢？,2024-06-07 14:34:38
00:02:18,1717741814.0,哈哈哈哈哈哈,2024-06-07 14:30:14
00:00:56,1717741513.0,投个币回回血,2024-06-07 14:25:13
00:00:06,1717741160.0,无需多想，你是真的英雄,2024-06-07 14:19:20
00:01:42,1717740472.0,哈哈哈,2024-06-07 14:07:52
00:01:36,1717740301.0,抱歉，我憋不住了,2024-06-07 14:05:01
00:00:18,1717740277.0,致敬,2024-06-07 14:04:37
00:01:01,1717740251.0,你是真正的超人！,2024-06-07 14:04:11
00:02:05,1717740211.0,我靠 终于找到跟我一样的了,2024-06-07 14:03:31
00:00:57,1717740128.0,《军神》,2024-06-07 14:02:08
00:00:31,1717739990.0,真正的超人,2024-06-07 13:59:50
00:00:31,1717739966.0,超人,2024-06-07 13:59:26
00:00:12,1717739962.0,他简直就是超人,2024-06-07 13:59:22
00:02:17,1717739893.0,哈哈哈哈哈哈哈哈（,2024-06-07 13:58:13
00:00:18,1717739879.0,致敬,2024-06-07 13:57:59
00:01:41,1717739875.0,哈哈哈哈哈哈哈哈哈哈哈哈哈哈,2024-06-07 13:57:55
00:02:07,1717739832.0,野生的高领大人,2024-06-07 13:57:12
00:01:49,1717739829.0,不是我也是学护理的怎么会在意这些那做会护的时候就不去了吗,2024-06-07 13:57:09
00:03:03,1717739816.0,好想哭,2024-06-07 13:56:56
00:01:51,1717739764.0,一边笑一边哭,2024-06-07 13:56:04
00:00:27,1717739745.0,超人,2024-06-07 13:55:45
00:00:14,1717739697.0,这是真有可能有生命危险的，活雷锋！,2024-06-07 13:54:57
00:00:04,1717739567.0,真的是超人！,2024-06-07 13:52:47
00:02:10,1717739412.0,赛亚人,2024-06-07 13:50:12
00:02:06,1717739272.0,我也是,2024-06-07 13:47:52
00:00:10,1717739184.0,真成超人了,2024-06-07 13:46:24
00:00:48,1717739120.0,清創,2024-06-07 13:45:20
00:03:00,1717738933.0,你只管善良，上天会摆平一切，以后的你一定会平平安安，幸福永乐,2024-06-07 13:42:13
00:02:54,1717738425.0,看哭了,2024-06-07 13:33:45
00:02:06,1717738387.0,我也是,2024-06-07 13:33:07
00:02:21,1717738321.0,原来是这么来的,2024-06-07 13:32:01
00:01:19,1717738291.0,好歹也给个裤衩子啊,2024-06-07 13:31:31
00:02:47,1717738086.0,“微笑可乐”,2024-06-07 13:28:06
00:02:05,1717738031.0,终于有跟我一样的了,2024-06-07 13:27:11
00:00:11,1717737888.0,致敬。,2024-06-07 13:24:48
00:00:08,1717737876.0,最符合账号名字的一集。,2024-06-07 13:24:36
00:00:56,1717737872.0,加油,2024-06-07 13:24:32
00:03:09,1717737820.0,好心疼，你真的好勇敢，真的是个超人，,2024-06-07 13:23:40
00:01:21,1717737787.0,放心，医学生都看惯了，普通人还是有点膈应的,2024-06-07 13:23:07
00:01:54,1717737525.0,对不起,2024-06-07 13:18:45
00:00:49,1717737320.0,同志，您是真正的英雄。。。,2024-06-07 13:15:20
00:01:59,1717737318.0,我也是,2024-06-07 13:15:18
00:02:17,1717737169.0,哈哈哈哈哈哈,2024-06-07 13:12:49
00:01:55,1717737120.0,？？？？,2024-06-07 13:12:00
00:01:22,1717737018.0,而我的朋友，你是真正的英雄,2024-06-07 13:10:18
00:02:07,1717736998.0,经常寸头发质就硬了,2024-06-07 13:09:58
00:01:46,1717736865.0,对不起，没忍住,2024-06-07 13:07:45
00:01:45,1717736800.0,？？？？？？6,2024-06-07 13:06:40
00:00:37,1717736706.0,你是超人！！！,2024-06-07 13:05:06
00:03:11,1717736682.0,英雄的国家，英雄的人民，感谢你做一个英雄，UP,2024-06-07 13:04:42
00:02:07,1717736626.0,+1一样发质,2024-06-07 13:03:46
00:01:06,1717736566.0,真正的man,2024-06-07 13:02:46
00:00:40,1717736543.0,比超人还超人,2024-06-07 13:02:23
00:01:46,1717736442.0,没事，护士小姐姐们早都看了不知道多少遍了,2024-06-07 13:00:42
00:00:00,1717736334.0,而你，我的朋友，你是真正的英雄,2024-06-07 12:58:54
00:02:06,1717736321.0,烫一下会好点,2024-06-07 12:58:41
00:00:20,1717736288.0,你真是个超人,2024-06-07 12:58:08
00:01:17,1717736215.0,而你，我的朋友，你是真正的英雄,2024-06-07 12:56:55
00:01:35,1717736088.0,啊？,2024-06-07 12:54:48
00:02:12,1717736067.0,阴阳头,2024-06-07 12:54:27
00:02:09,1717736052.0,俺也一样！,2024-06-07 12:54:12
00:00:00,1717735906.0,我要买up主画的酒！！！,2024-06-07 12:51:46
00:01:16,1717735884.0,你是英雄，不是超人,2024-06-07 12:51:24
00:02:27,1717735838.0,你的父亲真好，如果是我的父亲的事情就会一直指责我。让我别多管闲事。。,2024-06-07 12:50:38
00:00:06,1717735806.0,致敬,2024-06-07 12:50:06
00:01:35,1717735558.0,哈哈,2024-06-07 12:45:58
00:00:02,1717735499.0,您是真的超人！,2024-06-07 12:44:59
00:00:13,1717735480.0,致敬,2024-06-07 12:44:40
00:00:13,1717735378.0,兄弟你是超人,2024-06-07 12:42:58
00:02:06,1717735339.0,我也是!,2024-06-07 12:42:19
00:02:36,1717735274.0,抱抱宝宝,2024-06-07 12:41:14
00:00:13,1717735148.0,一个真正的英雄！,2024-06-07 12:39:08
00:00:23,1717735000.0,真是超人,2024-06-07 12:36:40
00:02:15,1717734999.0,孩子，这并不好笑,2024-06-07 12:36:39
00:01:44,1717734940.0,对不起，没绷住,2024-06-07 12:35:40
00:03:05,1717734891.0,而你我的朋友，你才是真正的英雄 ,2024-06-07 12:34:51
00:00:57,1717734760.0,抱抱up,2024-06-07 12:32:40
00:01:35,1717734603.0,小子，看好了，币是这么用的！,2024-06-07 12:30:03
00:00:11,1717734597.0,我是超人,2024-06-07 12:29:57
00:00:29,1717734472.0,被救的人都不表示一下吗？,2024-06-07 12:27:52
00:01:12,1717734427.0,致敬！,2024-06-07 12:27:07
00:00:10,1717734328.0,坏了，真成超人了！,2024-06-07 12:25:28
00:01:06,1717734270.0,你才是真正的超人！,2024-06-07 12:24:30
00:02:07,1717734270.0,我也是,2024-06-07 12:24:30
00:01:08,1717734257.0,致敬,2024-06-07 12:24:17
00:01:07,1717734247.0,英雄！,2024-06-07 12:24:07
00:01:04,1717734186.0,而我的朋友，你才是真正的英雄！,2024-06-07 12:23:06
00:00:03,1717734070.0,坏了！你真的是超人！,2024-06-07 12:21:10
00:01:09,1717734023.0,这才是真正的超人,2024-06-07 12:20:23
00:00:54,1717734003.0,主要不塞块布容易咬断舌头,2024-06-07 12:20:03
00:02:17,1717733720.0,有画面了,2024-06-07 12:15:20
00:02:36,1717733648.0,伟大的父亲！,2024-06-07 12:14:08
00:01:56,1717733598.0,俺也一样,2024-06-07 12:13:18
00:01:47,1717733473.0,对不起，忍不住笑了,2024-06-07 12:11:13
00:02:54,1717733385.0,你的成长就是给父亲最好的回报,2024-06-07 12:09:45
00:02:08,1717732947.0,和我一样！！,2024-06-07 12:02:27
00:00:20,1717732942.0,超人：而你，我的朋友，你才是真正的超人！,2024-06-07 12:02:22
00:00:04,1717732900.0,致敬,2024-06-07 12:01:40
00:00:37,1717732854.0,朋友你是真的超人,2024-06-07 12:00:54
00:01:45,1717732529.0,肉体受伤，现在还精神受伤了,2024-06-07 11:55:29
00:01:51,1717732507.0,我在医院待过一年，护士其实不在意你光不光可能偶尔会有点惊讶而已,2024-06-07 11:55:07
00:01:40,1717732498.0,完蛋了,2024-06-07 11:54:58
00:02:07,1717732326.0,我靠，我也是这样,2024-06-07 11:52:06
00:01:24,1717732185.0,最后的遮羞布,2024-06-07 11:49:45
00:01:04,1717732056.0,对不起，没币了,2024-06-07 11:47:36
00:01:06,1717731901.0,我擦，兄弟你是真的超人啊,2024-06-07 11:45:01
00:00:09,1717731815.0,符合id,2024-06-07 11:43:35
00:01:47,1717731797.0,丸辣！,2024-06-07 11:43:17
00:00:24,1717731734.0,是你！画呆呆龙的人,2024-06-07 11:42:14
00:01:08,1717731489.0,太简直是超人,2024-06-07 11:38:09
00:02:49,1717731473.0,加油！,2024-06-07 11:37:53
00:02:07,1717731273.0,我也是，一直是寸头，留不了长发,2024-06-07 11:34:33
00:02:15,1717731271.0,小子，你很有个性,2024-06-07 11:34:31
00:00:50,1717731101.0,你 是我的英雄,2024-06-07 11:31:41
00:00:17,1717731099.0,而我的盆友，你是真正的超人,2024-06-07 11:31:39
00:01:07,1717730969.0,而你我的朋友，你是真正的英雄,2024-06-07 11:29:29
00:01:37,1717730538.0,啊这,2024-06-07 11:22:18
00:00:09,1717730485.0,加油加油加油！！！,2024-06-07 11:21:25
00:01:41,1717730465.0,哈哈哈哈哈哈,2024-06-07 11:21:05
00:00:03,1717730154.0,你不但问心无愧，你还让我们很多人都感觉自愧不如！,2024-06-07 11:15:54
00:03:18,1717730111.0,爸,2024-06-07 11:15:11
00:01:27,1717729926.0,你是超超超超超超人！！！！！,2024-06-07 11:12:06
00:01:40,1717729885.0,不是姐们？,2024-06-07 11:11:25
00:00:33,1717729872.0,你是超人！！！！！！！,2024-06-07 11:11:12
00:02:23,1717729571.0,又心疼又好笑,2024-06-07 11:06:11
00:00:00,1717729530.0,你是真的超人啊,2024-06-07 11:05:30
00:02:37,1717729107.0,永不放弃的毅力,2024-06-07 10:58:27
00:00:19,1717728870.0,你是超人!（超大声）,2024-06-07 10:54:30
00:01:10,1717728740.0,原来您会画啊,2024-06-07 10:52:20
00:01:21,1717728465.0,没事儿，哥们儿来实习的基本都见过了。而且干的就这活儿。也不会觉得有点啥,2024-06-07 10:47:45
00:02:38,1717728270.0,加油加油。你币有了,2024-06-07 10:44:30
00:03:12,1717728259.0,上链接我要买！,2024-06-07 10:44:19
00:01:52,1717727745.0,在医生护士面前不分男女，只有病人,2024-06-07 10:35:45
00:02:19,1717727724.0,卑尔维斯,2024-06-07 10:35:24
00:01:40,1717727705.0,哈哈哈哈哈,2024-06-07 10:35:05
00:01:49,1717727645.0,可以投诉的！,2024-06-07 10:34:05
00:02:54,1717727540.0,好了好了，关注了超人,2024-06-07 10:32:20
00:01:37,1717727360.0,哈哈哈哈哈哈哈哈哈哈,2024-06-07 10:29:20
00:01:38,1717727190.0,关怀23333,2024-06-07 10:26:30
00:00:20,1717727018.0,你真的是超人，哥,2024-06-07 10:23:38
00:00:37,1717726863.0,超人？,2024-06-07 10:21:03
00:01:39,1717726800.0,忽然间明白护士长为什么是这个形象的与众不同的。,2024-06-07 10:20:00
00:02:18,1717726424.0,阴阳师，头,2024-06-07 10:13:44
00:01:39,1717725916.0,哈哈哈哈哈哈,2024-06-07 10:05:16
00:01:35,1717725839.0,关怀,2024-06-07 10:03:59
00:01:37,1717725694.0,哈哈哈哈,2024-06-07 10:01:34
00:02:30,1717725583.0,看好了小子，硬币之力是这样用的,2024-06-07 09:59:43
00:02:40,1717725478.0,被救人有没有表示啊,2024-06-07 09:57:58
00:00:52,1717724989.0,大大你真的是超人!,2024-06-07 09:49:49
00:01:38,1717724830.0,和哈哈哈哈哈哈哈哈哈哈哈,2024-06-07 09:47:10
00:01:03,1717724727.0,真正的超人,2024-06-07 09:45:27
00:02:06,1717724356.0,我也是耶,2024-06-07 09:39:16
00:00:43,1717723295.0,投币了,2024-06-07 09:21:35
00:00:13,1717723227.0,被车拖,2024-06-07 09:20:27
00:01:11,1717722628.0,原来你会画啊,2024-06-07 09:10:28
00:02:06,1717722536.0,同感！！！！,2024-06-07 09:08:56
00:01:11,1717722460.0,？,2024-06-07 09:07:40
00:02:00,1717722451.0,我刚上高中，留着长发就被剃了,2024-06-07 09:07:31
00:00:30,1717722363.0,你是超人,2024-06-07 09:06:03
00:01:47,1717722315.0,为什么我会觉得这样的行为很过分？,2024-06-07 09:05:15
00:01:51,1717722238.0,哈哈哈哈哈哈哈哈,2024-06-07 09:03:58
00:01:02,1717722152.0,超人！,2024-06-07 09:02:32
00:02:47,1717722137.0,至少父母是鼓励你的。。而不是给你二次伤害，甚至怪你多管闲事,2024-06-07 09:02:17
00:01:45,1717722116.0,哈哈,2024-06-07 09:01:56
00:02:12,1717722092.0,一半,2024-06-07 09:01:32
00:00:00,1717722085.0,无情泪而情义无泪,2024-06-07 09:01:25
00:01:36,1717722046.0,草哈哈哈哈哈哈,2024-06-07 09:00:46
00:00:36,1717721983.0,我的天,2024-06-07 08:59:43
00:01:56,1717721832.0,我留到大学,2024-06-07 08:57:12
00:02:27,1717721577.0,加油！！！你真的很勇敢！,2024-06-07 08:52:57
00:00:30,1717721116.0,真是超人了,2024-06-07 08:45:16
00:02:44,1717720950.0,你是真的英雄，我的朋友,2024-06-07 08:42:30
00:02:16,1717720874.0,艹，哈哈哈哈哈,2024-06-07 08:41:14
00:01:28,1717720861.0,要留清白在人间啊,2024-06-07 08:41:01
00:02:18,1717720853.0,这里能看出来up还是个天真的孩子啊，太勇敢了,2024-06-07 08:40:53
00:00:52,1717720607.0,真的成超人了,2024-06-07 08:36:47
00:01:02,1717720576.0,英雄啊您,2024-06-07 08:36:16
00:00:12,1717720479.0,超人！,2024-06-07 08:34:39
00:00:12,1717720199.0,无我,2024-06-07 08:29:59
00:00:09,1717720182.0,功德无量,2024-06-07 08:29:42
00:02:05,1717719996.0,我也是,2024-06-07 08:26:36
00:01:53,1717719808.0,唉，都去医院了，活着就好了，谁管那么多？,2024-06-07 08:23:28
00:02:03,1717719627.0,兄弟你简直是超级赛亚人,2024-06-07 08:20:27
00:02:37,1717719490.0,田娜……好人一生平安！你以后都无病无灾！,2024-06-07 08:18:10
00:00:10,1717719284.0,卧槽，20米,2024-06-07 08:14:44
00:00:56,1717719158.0,很荣幸以这样的方式认识你,2024-06-07 08:12:38
00:01:25,1717718546.0,噢。。。,2024-06-07 08:02:26
00:01:23,1717718534.0,怎么会。。,2024-06-07 08:02:14
00:01:36,1717718354.0,丸啦！,2024-06-07 07:59:14
00:00:17,1717718249.0,异次元穿越通道,2024-06-07 07:57:29
00:02:39,1717718201.0,好父亲！,2024-06-07 07:56:41
00:02:18,1717717903.0,对不起,2024-06-07 07:51:43
00:01:24,1717717867.0,不是哥们，你是真的英雄啊,2024-06-07 07:51:07
00:00:44,1717717546.0,你是真超人,2024-06-07 07:45:46
00:02:21,1717717342.0,孩子这并不好笑 ！,2024-06-07 07:42:22
00:02:07,1717716835.0,马狼照英！,2024-06-07 07:33:55
00:00:17,1717716721.0,最符合ID的一次,2024-06-07 07:32:01
00:02:18,1717716649.0,不好意思，哈哈哈哈哈哈,2024-06-07 07:30:49
00:01:59,1717716337.0,总感觉那个护士不太好,2024-06-07 07:25:37
00:00:15,1717716248.0,那一刻，他真的成为超人了,2024-06-07 07:24:08
00:00:49,1717716243.0,我也有过）,2024-06-07 07:24:03
00:00:16,1717716233.0,你确实是个超人,2024-06-07 07:23:53
00:02:14,1717715634.0,这并不好笑，孩子。,2024-06-07 07:13:54
00:03:07,1717715319.0,有点谐音梗，刚才写了一个我爱你粑粑,2024-06-07 07:08:39
00:03:17,1717714726.0,而你，我的朋友，你是真正的英雄,2024-06-07 06:58:46
00:00:09,1717714276.0,超人NB,2024-06-07 06:51:16
00:02:26,1717711259.0,我锁骨骨折过，真的非常疼，你只能就护着它。更别提那么多处骨折了,2024-06-07 06:00:59
00:02:42,1717711237.0,顺天意，成因果，今日方知我是我,2024-06-07 06:00:37
00:02:13,1717709919.0,6666,2024-06-07 05:38:39
00:01:12,1717709250.0,原来你会画画啊,2024-06-07 05:27:30
00:00:47,1717708890.0,咬着,2024-06-07 05:21:30
00:01:03,1717707952.0,你才是超人啊,2024-06-07 05:05:52
00:00:24,1717707520.0,啊,2024-06-07 04:58:40
00:00:57,1717707096.0,超人,2024-06-07 04:51:36
00:01:01,1717705353.0,这回真成超人了，从物理以及精神双角度的,2024-06-07 04:22:33
00:01:44,1717703640.0,被围观在美国医院也是这样的,2024-06-07 03:54:00
00:02:26,1717703089.0,我的史一样的笑点在和我的道德打架,2024-06-07 03:44:49
00:00:48,1717701118.0,太疼了如果不咬块布可能会无意识咬伤自己,2024-06-07 03:11:58
00:01:15,1717700485.0,哈哈哈哈哈哈,2024-06-07 03:01:25
00:02:01,1717700154.0,哦，我马上中考完，正好也准备留长发，我头发也偏硬,2024-06-07 02:55:54
00:01:29,1717700140.0,好家伙，成教材了,2024-06-07 02:55:40
00:03:17,1717700065.0,你真的是超人,2024-06-07 02:54:25
00:02:28,1717699734.0,被救的人不补贴一点……,2024-06-07 02:48:54
00:01:16,1717699239.0,英雄不必拘谨,2024-06-07 02:40:39
00:00:00,1717699198.0,你不但问心无愧，你还让我们很多人都感觉自愧不如！,2024-06-07 02:39:58
00:02:31,1717699119.0,你确实是个英雄，做了很多人想做甚至可能都做不到的事，哪怕未来世界上不会再有人崇拜英雄,2024-06-07 02:38:39
00:01:55,1717698997.0,老实人辈出英雄，他们更能体会别人的痛苦,2024-06-07 02:36:37
00:01:35,1717698942.0,护士长：男的咋的，从假的到真的小的到老的我都见过，这个就叫专业。,2024-06-07 02:35:42
00:02:27,1717698697.0,后悔是正常的，但之后积极面对生活的你是最棒的,2024-06-07 02:31:37
00:00:41,1717697834.0,你是超人,2024-06-07 02:17:14
00:02:04,1717697577.0,和我一样！,2024-06-07 02:12:57
00:01:54,1717697416.0,电子木鱼,2024-06-07 02:10:16
00:01:57,1717697274.0,可是我大学了还是寸头,2024-06-07 02:07:54
00:00:34,1717697250.0,真正的man,2024-06-07 02:07:30
00:02:12,1717697100.0,莫西干（对不起）,2024-06-07 02:05:00
00:00:04,1717697055.0,救人要紧，哪管这些,2024-06-07 02:04:15
00:00:01,1717696971.0,鲁迪乌斯,2024-06-07 02:02:51
00:01:00,1717696930.0,我的朋友，你是个英雄,2024-06-07 02:02:10
00:01:00,1717695651.0,投币了厉害,2024-06-07 01:40:51
00:02:17,1717694812.0,你是懂幽默的,2024-06-07 01:26:52
00:01:03,1717694115.0,超人！,2024-06-07 01:15:15
00:03:11,1717693871.0,超人,2024-06-07 01:11:11
00:02:14,1717693260.0,哈哈哈哈哈哈哈,2024-06-07 01:01:00
00:00:34,1717693129.0,这次你真的是超人了！,2024-06-07 00:58:49
00:02:06,1717692889.0,我去和我一样，我最后头发太长了留的是大背头（dogs）,2024-06-07 00:54:49
00:02:14,1717692675.0,绷不住了,2024-06-07 00:51:15
00:02:50,1717692480.0,就像小时候第一次学会了走路,2024-06-07 00:48:00
00:02:20,1717692436.0,半发超人,2024-06-07 00:47:16
00:00:22,1717692436.0,超人！,2024-06-07 00:47:16
00:03:00,1717692294.0,有广告我投币了,2024-06-07 00:44:54
00:00:57,1717692027.0,你真的是超人！！,2024-06-07 00:40:27
00:03:16,1717691695.0,但求问心无愧,2024-06-07 00:34:55
00:01:08,1717691162.0,这下不得不投币了,2024-06-07 00:26:02
00:01:00,1717691140.0,真正的超人,2024-06-07 00:25:40
00:03:11,1717691019.0,但行好事，莫问前程。前路有光，初心莫忘。,2024-06-07 00:23:39
00:00:59,1717691000.0,而我的朋友，你才是真正的英雄,2024-06-07 00:23:20
00:02:09,1717690760.0,一样,2024-06-07 00:19:20
00:03:11,1717690752.0,UP是真正的超人,2024-06-07 00:19:12
00:02:45,1717690722.0,原来超人真的需要父亲,2024-06-07 00:18:42
00:02:44,1717690448.0,泪目了,2024-06-07 00:14:08
00:02:19,1717690438.0,哈哈哈哈哈哈哈哈哈哈哈,2024-06-07 00:13:58
00:01:42,1717690350.0,？6,2024-06-07 00:12:30
00:00:52,1717690220.0,我的朋友,2024-06-07 00:10:20
00:01:09,1717689788.0,真正的英雄,2024-06-07 00:03:08
00:00:00,1717688860.0,怎么会有人问出这种问题,2024-06-06 23:47:40
00:02:45,1717688139.0,哥们，你是真的牛批，真的很牛批的那种,2024-06-06 23:35:39
00:00:20,1717687822.0,真正的man！,2024-06-06 23:30:22
00:00:06,1717687763.0,既然都是数年前的事情还有后悔的选项吗,2024-06-06 23:29:23
00:02:16,1717687418.0,UP好可爱,2024-06-06 23:23:38
00:02:36,1717686822.0,没必要后悔  已经是事实  坚定事实 ,2024-06-06 23:13:42
00:00:48,1717686203.0,天呐,2024-06-06 23:03:23
00:02:32,1717686101.0,你是超人啊卧槽！,2024-06-06 23:01:41
00:02:41,1717686054.0,我是真的超人啊,2024-06-06 23:00:54
00:01:56,1717685081.0,我爱你哥们！,2024-06-06 22:44:41
00:02:38,1717685014.0,“英雄不總是披著披風的”,2024-06-06 22:43:34
00:02:31,1717684348.0,“而我的朋友，你是真正的英雄”,2024-06-06 22:32:28
00:02:20,1717683835.0,又心疼又好笑,2024-06-06 22:23:55
00:03:13,1717682119.0,对呀，也难怪你能保持那份心,2024-06-06 21:55:19
00:02:18,1717679560.0,哈哈哈啊哈哈哈,2024-06-06 21:12:40
00:02:05,1717678079.0,同感,2024-06-06 20:47:59
00:01:06,1717678041.0,能熬着不晕过去，您确实是超人了,2024-06-06 20:47:21
00:00:26,1717677537.0,而你我的朋友，你才是真正的英雄,2024-06-06 20:38:57
00:01:07,1717677266.0,你是真正的超人哦,2024-06-06 20:34:26
00:00:21,1717676719.0,而你我的朋友，你是真正的英雄,2024-06-06 20:25:19
00:01:39,1717675663.0,哈哈哈哈哈,2024-06-06 20:07:43
00:00:44,1717675275.0,完了，不会是让你咬着点吧，不打麻药啊,2024-06-06 20:01:15
00:00:19,1717675222.0,如果是被直直的撞飞的话，那基本必死无疑了吧,2024-06-06 20:00:22
00:02:54,1717673894.0,但是爸爸妈妈永远愿意帮助我们,2024-06-06 19:38:14
00:00:59,1717673679.0,你是真正的超级英雄,2024-06-06 19:34:39
00:03:15,1717673257.0,好的,2024-06-06 19:27:37
00:02:25,1717673248.0,超人！！,2024-06-06 19:27:28
00:00:25,1717673091.0,第一（和二）枚硬币是我投的！,2024-06-06 19:24:51
00:00:00,1717673067.0,第一条弹幕！,2024-06-06 19:24:27
